/search?q=lauch&client=ubuntu&hs=KKF&channel=fs&ie=UTF-8&oe=UTF-8&gbv=1&sei=GYnYW6m9B_DsrgSO-7-YAw,
http://www.google.de/history/optout?hl=de,
https://accounts.google.com/Login,
https://www.google.com/policies/privacy/,
https://www.google.com/policies/terms/,
/search?q=lauch&client=ubuntu&hs=dzZ&channel=fs&ie=UTF-8&oe=UTF-8&gbv=1&sei=GYnYW5SgKeSyrgTC-Y-QDQ,
/search?q=lauch&client=ubuntu&hs=dzZ&channel=fs&ie=UTF-8&oe=UTF-8&gbv=1&sei=GYnYW57oKfGMrgTYn4bwCA,
/search?q=lauch&client=ubuntu&hs=ezZ&channel=fs&ie=UTF-8&oe=UTF-8&gbv=1&sei=GonYW-a2DuegrgSb-7_IAg,
https://policies.google.com/terms,
/search?q=lauch&client=ubuntu&hs=LKF&channel=fs&ie=UTF-8&oe=UTF-8&gbv=1&sei=GonYW4S1DoforgSul42YAQ,
/search?q=lauch&client=ubuntu&hs=xeu&channel=fs&ie=UTF-8&oe=UTF-8&gbv=1&sei=GonYW5iUD5GsrgT4n6LABg,
/search?q=lauch&client=ubuntu&hs=xeu&channel=fs&ie=UTF-8&oe=UTF-8&gbv=1&sei=GonYW9bkDeuBrwTN95foAw,
https://accounts.google.com/AccountChooser,
https://accounts.google.com/SignUp?continue=https%3A%2F%2Faccounts.google.com%2FManageAccount,
https://www.google.de/intl/de/about,
https://accounts.google.com/TOS?loc=DE&hl=de&privacy=true,
https://accounts.google.com/TOS?loc=DE&hl=de,
http://www.google.com/support/accounts?hl=de,
https://accounts.google.com/AccountChooser?rip=1,
https://www.google.com/,
https://support.google.com/accounts/bin/answer.py?hl=en&answer=58585,
https://support.google.com/bin/static.py?hl=en&ts=1114905&page=ts.cs,
https://www.google.com/contact/,
https://www.google.com/about/,
https://safety.google,
https://careers.google.com/,
https://abc.xyz/investor/founders-letters/2004/ipo-letter.html#_ga=2.165626872.610004439.1532311821-929489725.1521479135,
https://www.google.com/doodles/{[::doodle.name]},
https://www.google.com/doodles/{[::doodleCtrl.doodleHistory[0].name]},
https://www.google.com/doodles,
https://plus.google.com/+google,
https://instagram.com/google/,
https://www.youtube.com/user/Google,
https://twitter.com/google,
https://www.facebook.com/Google,
https://www.linkedin.com/company/google,
https://abc.xyz/investor/,
https://www.blog.google/,
https://www.thinkwithgoogle.com/,
https://www.blog.google/press/,
https://www.google.com/press/blog-social-directory.html,
https://services.google.com/fb/forms/speakerrequest/,
https://www.google.org,
https://sustainability.google,
https://www.google.org/our-work/crisis-response/,
https://www.google.com/diversity/,
https://www.google.com/accessibility/,
https://transparencyreport.google.com,
https://wellbeing.google,
https://safety.google/,
https://support.google.com?hl=en,
https://www.google.com/?hl=de,
https://www.gstatic.com/policies/privacy/pdf/20180525/853e41a3/google_privacy_policy_de_eu.pdf,
https://support.google.com/policies?p=privpol_privts&hl=de,
https://myaccount.google.com/?utm_source=pp&hl=de,
https://support.google.com/accounts?p=privpol_location&hl=de,
https://support.google.com/accounts?p=privpol_lochistory&hl=de,
https://myaccount.google.com/security-checkup?utm_source=pp&hl=de,
https://adssettings.google.com/?utm_source=pp&hl=de,
https://myaccount.google.com/privacycheckup?utm_source=pp&hl=de,
https://myaccount.google.com/?hl=de,
https://myaccount.google.com/activitycontrols?utm_source=pp&hl=de,
https://aboutme.google.com/?utm_source=pp&hl=de,
https://myaccount.google.com/shared-endorsements?utm_source=pp&hl=de,
https://plus.google.com/settings?utm_source=pp&hl=de,
https://myactivity.google.com/myactivity?utm_source=pp&hl=de,
https://myaccount.google.com/dashboard?utm_source=pp&hl=de,
https://myaccount.google.com/privacy?utm_source=pp&hl=de#personalinfo,
https://www.google.com/history/optout?utm_source=pp&hl=de,
https://www.youtube.com/feed/history/search_history?utm_source=pp&hl=de,
https://www.youtube.com/feed/history?utm_source=pp&hl=de,
https://takeout.google.com/?utm_source=pp&hl=de,
https://support.google.com/legal?p=privpol_remove&hl=de,
https://myactivity.google.com/?utm_source=pp&hl=de,
https://myaccount.google.com/deleteservices?utm_source=pp&hl=de,
https://myaccount.google.com/deleteaccount?utm_source=pp&hl=de,
https://myaccount.google.com/preferences?utm_source=pp&hl=de#deleteservices,
https://myaccount.google.com/inactive?utm_source=pp&hl=de,
https://support.google.com/websearch?p=privpol_locserp&hl=de,
https://support.google.com/accounts?p=privpol_endorse&hl=de,
https://support.google.com/googlehome?p=privpol_homedata&hl=de,
https://support.google.com/a?p=privpol_admin&hl=de,
https://transparencyreport.google.com/user-data/overview?hl=de,
https://safebrowsing.google.com/?utm_source=pp&hl=de,
https://www.google.com/landing/2step/?utm_source=pp&hl=de,
https://support.google.com/policies/troubleshooter/7575787?hl=de,
https://www.google.com/chrome/intl/de/privacy.html,
https://play.google.com/books/intl/de/privacy.html,
https://payments.google.com/legaldocument?family=0.privacynotice&hl=de,
https://fiber.google.com/legal/privacy.html,
https://fi.google.com/about/tos/#project-fi-privacy-notice,
https://www.google.com/work/apps/terms/education_privacy.html,
https://kids.youtube.com/privacynotice,
https://families.google.com/familylink/privacy/child-policy/,
https://www.google.com/intl/de/safetycenter/,
https://privacy.google.com/?hl=de,
https://support.google.com/accounts?p=privpol_whyad&hl=de,
https://contacts.google.com?hl=de,
https://support.google.com/accounts?p=privpol_phone&hl=de,
https://support.google.com/accounts?p=privpol_agereq&hl=de,
https://support.google.com/chrome?p=privpol_chrsync&hl=de,
https://support.google.com/accounts?p=privpol_androidloc&hl=de,
https://support.google.com/photos?p=privpol_manage&hl=de,
https://support.google.com/websearch?p=privpol_searchactivity&hl=de,
https://support.google.com/websearch?p=privpol_incognito&hl=de,
https://www.google.com/history/optout?hl=de,
https://support.google.com/adwordspolicy?p=privpol_p13nad&hl=de,
https://support.google.com/analytics?p=privpol_data&hl=de,
https://support.google.com/mail?p=privpol_signinactivity&hl=de,
https://support.google.com/websearch?p=privpol_privresults&hl=de,
https://support.google.com/accounts?p=autocontacts&hl=de,
https://support.google.com/websearch?p=privpol_feed&hl=de,
https://support.google.com/googlehome?p=privpol_actions&hl=de,
https://support.google.com/accounts?p=privpol_controlads&hl=de,
https://support.google.com/blogger?p=privpol_blog&hl=de,
https://support.google.com/sites?p=privpol_delete&hl=de,
https://support.google.com/googleplay?p=privpol_review&hl=de,
https://support.google.com/trends?p=privpol_about&hl=de,
https://www.google.com/about/datacenters/inside/locations?hl=de,
https://privacy.google.com/businesses/affiliates?hl=de,
https://policies.google.com/privacy,
https://www.google.com/accounts/recovery,
https://payments.google.com/manage/,
https://www.google.com/get/googletips,
https://productforums.google.com/forum/#!forum/en,
http://www.google.com/appsstatus,
https://www.google.com/accounts/TOS,
https://privacy.google.com/how-ads-work.html,
http://www.youronlinechoices.com.au/,
http://www.youradchoices.ca/,
http://www.youronlinechoices.eu/,
http://aboutads.info/,
http://www.networkadvertising.org/,
https://www.google.com/?hl=en,
https://support.google.com/chrome?ctx=gcp,
https://support.google.com/youtube?ctx=gcp,
https://support.google.com/googleplay/#contact=1&ctx=gcp,
https://support.google.com/accounts?ctx=gcp,
https://support.google.com/gmm?ctx=gcp,
https://support.google.com/mail?ctx=gcp,
https://support.google.com/adsense/#contact=1&ctx=gcp,
https://support.google.com/adwords/#contact=1&ctx=gcp,
https://support.google.com/websearch?ctx=gcp,
https://support.google.com/drive/#contact=1&ctx=gcp,
https://support.google.com/nexus/#contact=1&ctx=gcp,
https://support.google.com/hangouts?ctx=gcp,
https://myaccount.google.com/dashboard,
https://productforums.google.com/forum/#!forum/webmasters,
https://googlewebmastercentral.blogspot.in/,
http://www.google.com/intl/en/about/company/facts/locations/index.html,
http://www.google.com/intl/en/ads/,
http://www.google.com/nonprofits/,
https://services.google.com/fb/forms/trademark/,
https://www.google.com/intl/en/permissions/,
https://support.google.com/faqs/answer/6151275,
https://www.google.com/about/careers/jobs,
https://www.google.com/about/careers/fields-of-work/,
https://www.google.com/about/careers/how-we-hire/,
https://investor.google.com/,
https://investor.google.com/releases.html,
https://investor.google.com/earnings.html,
https://investor.google.com/corporate/message.html,
https://accounts.google.com/AccountChooser?continue=https%3A%2F%2Fmyaccount.google.com%2Fdeleteaccount%3Futm_source%3Dpp%26hl%3Dde&csig=AF-SEnYpca_759A283f9%3A1540917532&followup=https%3A%2F%2Fmyaccount.google.com%2Fdeleteaccount%3Futm_source%3Dpp%26hl%3Dde&service=accountsettings&hl=de&osid=1&rart=ANgoxcevbQuQ4SOpcqGtp7jTmq9v9ytBv4627i4mCSMowDXGNPRCdrimQMr6d0g9yNEIYSJMl9OON1opG1WU4iazBPRPnHXzRg,
https://accounts.google.com/SignUp?service=accountsettings&continue=https%3A%2F%2Fmyaccount.google.com%2Fdeleteaccount%3Futm_source%3Dpp%26hl%3Dde&hl=de,
https://support.apple.com/kb/ph5000,
https://support.microsoft.com/help/4026200/windows-browse-inprivate-in-microsoft-edge,
https://support.mozilla.org/kb/private-browsing-use-firefox-without-history,
https://www.google.de,
https://www.google.com/settings/u/0/ads/authenticated,
https://support.microsoft.com/de-de/help/17438/windows-internet-explorer-view-delete-browsing-history,
https://support.apple.com/guide/safari/clear-your-browsing-history-sfri47acf5d6,
https://support.mozilla.org/kb/delete-browsing-search-download-history-firefox,
https://support.microsoft.com/help/17442/windows-internet-explorer-delete-manage-cookies,
https://support.mozilla.org/kb/delete-cookies-remove-info-websites-stored,
http://www.google.com/get/topcontributor/,
http://www.youtube.com/user/youtubehelp?sub_confirmation=1,
http://youtube.com/t/terms,
https://myaccount.google.com/general-light,
https://www.google.com/intl/de/about/,
https://policies.google.com/privacy?hl=de,
https://myaccount.google.com/signin?continue=https%3A%2F%2Fmyaccount.google.com%2Fpreferences%3Futm_source%3Dpp%26hl%3Dde%23payments,
https://myaccount.google.com/signin?continue=https%3A%2F%2Fmyaccount.google.com%2Fpreferences%3Futm_source%3Dpp%26hl%3Dde%23subscriptions,
https://myaccount.google.com/signin?continue=https%3A%2F%2Fmyaccount.google.com%2Fpreferences%3Futm_source%3Dpp%26hl%3Dde%23localization,
https://myaccount.google.com/signin?continue=https%3A%2F%2Fmyaccount.google.com%2Fpreferences%3Futm_source%3Dpp%26hl%3Dde%23accessibility,
https://myaccount.google.com/signin?continue=https%3A%2F%2Fmyaccount.google.com%2Fpreferences%3Futm_source%3Dpp%26hl%3Dde%23storage,
https://myaccount.google.com/signin?continue=https%3A%2F%2Fmyaccount.google.com%2Fpreferences%3Futm_source%3Dpp%26hl%3Dde%23deleteservices,
https://myaccount.google.com/activitycontrols/search,
https://myactivity.google.com/myactivity,
https://privacy.google.com/,
https://www.google.com/policies/faq/,
https://support.apple.com/safari,
http://support.microsoft.com/product/internet-explorer/internet-explorer-11,
https://support.mozilla.org/,
https://support.google.com/accounts/bin/answer.py?hl=de&answer=58585,
https://support.google.com/bin/static.py?hl=de&ts=1114905&page=ts.cs,
https://discussions.apple.com/welcome,
https://support.apple.com/contact,
https://support.apple.com/guide/mac-help/mh36834,
https://support.apple.com/guide/safari/prevent-websites-from-tracking-you-sfri40732/12.0/mac/10.14 ,
https://support.apple.com/guide/safari/manage-cookies-and-website-data-sfri11471/12.0/mac/10.14 ,
https://support.apple.com/guide/safari/browse-in-private-ibrw1069/12.0/mac/10.14 ,
https://www.apple.com/,
https://support.apple.com/,
https://www.apple.com/retail/,
https://locate.apple.com,
https://www.google.com/?authuser=0,
https://myaccount.google.com/privacypolicy?hl=de,
https://myaccount.google.com/termsofservice?hl=de,
https://www.mozilla.org/firefox/download/thanks/?utm_source=support.mozilla.org&utm_medium=referral&utm_campaign=non-fx-button&utm_content=body-download-button,
https://www.mozilla.org/firefox/all/,
https://www.mozilla.org/firefox/notes,
https://www.mozilla.org/legal/privacy/firefox,
http://mzl.la/1BAQKDJ,
https://www.mozilla.org,
https://www.mozilla.org/about/,
https://blog.mozilla.org/,
https://www.mozilla.org/contact/,
https://donate.mozilla.org/en-US/?presets=50,30,20,10&amount=30&utm_source=support.mozilla.org&utm_medium=referral&utm_content=footerÂ¤cy=usd,
https://kitsune.readthedocs.io/en/latest/,
https://github.com/mozilla/kitsune/,
https://www.mozilla.org/firefox/?utm_source=support.mozilla.org&utm_campaign=footer&utm_medium=referral,
https://www.mozilla.org/firefox/new/?utm_source=support.mozilla.org&utm_campaign=footer&utm_medium=referral,
https://www.mozilla.org/firefox/mobile/?utm_source=support.mozilla.org&utm_campaign=footer&utm_medium=referral,
https://www.mozilla.org/firefox/features/?utm_source=support.mozilla.org&utm_campaign=footer&utm_medium=referral,
https://www.mozilla.org/firefox/channel/desktop/?utm_source=support.mozilla.org&utm_campaign=footer&utm_medium=referral,
https://discussions.apple.com,
https://www.apple.com/legal/warranty/,
https://checkcoverage.apple.com/us/en/,
http://www.apple.com/shop/account/home,
https://www.apple.com,
https://accounts.google.com/AccountChooser?continue=https%3A%2F%2Faboutme.google.com%2F%3Futm_source%3Dpp%26hl%3Dde&followup=https%3A%2F%2Faboutme.google.com%2F%3Futm_source%3Dpp%26hl%3Dde&hl=de&osid=1,
https://accounts.google.com/SignUp?continue=https%3A%2F%2Faboutme.google.com%2F%3Futm_source%3Dpp%26hl%3Dde&hl=de,
https://download.mozilla.org/?product=firefox-stub&os=win64&lang=en-US,
https://download.mozilla.org/?product=firefox-stub&os=win&lang=en-US,
https://download.mozilla.org/?product=firefox-latest-ssl&os=osx&lang=en-US,
https://download.mozilla.org/?product=firefox-latest-ssl&os=linux64&lang=en-US,
https://download.mozilla.org/?product=firefox-latest-ssl&os=linux&lang=en-US,
https://play.google.com/store/apps/details?id=org.mozilla.firefox&referrer=utm_source%3Dmozilla%26utm_medium%3DReferral%26utm_campaign%3Dmozilla-org,
https://itunes.apple.com/us/app/apple-store/id989804926?pt=373246&mt=8,
https://support.mozilla.org/kb/firefox-osx,
https://support.mozilla.org/kb/install-firefox-linux,
https://addons.mozilla.org/firefox/?utm_source=www.mozilla.org&utm_medium=referral&utm_campaign=nav&utm_content=firefox,
https://support.mozilla.org/products/firefox/?utm_source=www.mozilla.org&utm_medium=referral&utm_campaign=nav&utm_content=firefox,
https://addons.mozilla.org/android/?utm_source=www.mozilla.org&utm_medium=referral&utm_campaign=nav&utm_content=firefox,
https://support.mozilla.org/products/ios/?utm_source=www.mozilla.org&utm_medium=referral&utm_campaign=nav&utm_content=firefox,
https://support.mozilla.org/products/mobile/?utm_source=www.mozilla.org&utm_medium=referral&utm_campaign=nav&utm_content=firefox,
https://research.mozilla.org/webassembly/?utm_source=www.mozilla.org&utm_medium=referral&utm_campaign=nav&utm_content=developers,
https://research.mozilla.org/rust/?utm_source=www.mozilla.org&utm_medium=referral&utm_campaign=nav&utm_content=developers,
https://games.mozilla.org/?utm_source=www.mozilla.org&utm_medium=referral&utm_campaign=nav&utm_content=developers,
https://mixedreality.mozilla.org/?utm_source=www.mozilla.org&utm_medium=referral&utm_campaign=nav&utm_content=developers,
https://developer.mozilla.org/?utm_source=www.mozilla.org&utm_medium=referral&utm_campaign=nav&utm_content=developers,
https://mozilladevelopers.github.io/playground/?utm_source=www.mozilla.org&utm_medium=referral&utm_campaign=nav&utm_content=developers,
https://hacks.mozilla.org/?utm_source=www.mozilla.org&utm_medium=referral&utm_campaign=nav&utm_content=developers,
https://foundation.mozilla.org/?utm_source=www.mozilla.org&utm_medium=referral&utm_campaign=nav&utm_content=about,
https://blog.mozilla.org/press/?utm_source=www.mozilla.org&utm_medium=referral&utm_campaign=nav&utm_content=about,
https://events.mozilla.org/?utm_source=www.mozilla.org&utm_medium=referral&utm_campaign=nav&utm_content=about,
https://donate.mozilla.org/en-US/?presets=50,30,20,10&amount=30&utm_source=mozilla.org&utm_medium=referral&utm_content=nav&currency=usd,
https://addons.mozilla.org/firefox/?utm_source=www.mozilla.org&utm_medium=referral&utm_campaign=fx-sub-nav,
https://support.mozilla.org/?utm_source=www.mozilla.org&utm_medium=referral&utm_campaign=fx-sub-nav,
https://blog.mozilla.org/firefox/?utm_source=www.mozilla.org&utm_medium=referral&utm_campaign=fx-sub-nav,
https://blog.mozilla.org/firefox/quantum-performance-test/,
https://www.youtube.com/watch?v=YIywpvHewc0,
https://blog.mozilla.org/firefox/tracking-protection-study/,
https://blog.mozilla.org/press/,
https://donate.mozilla.org/en-US/?presets=50,30,20,10&amount=30&utm_source=mozilla.org&utm_medium=referral&utm_content=footer&currency=usd,
https://wiki.mozilla.org/Webdev/GetInvolved/mozilla.org,
https://github.com/mozilla/bedrock/tree/master/bedrock/firefox/templates/firefox/home.html,
https://foundation.mozilla.org,
https://www.mozilla.org/,
https://www.mozilla.org/internet-health/?utm_source=blog.mozilla.org&utm_medium=referral&utm_campaign=blog-nav,
https://www.mozilla.org/technology/?utm_source=blog.mozilla.org&utm_medium=referral&utm_campaign=blog-nav,
https://donate.mozilla.org/?presets=50,30,20,10&amount=30&currency=usd&utm_source=blog.mozilla.org&utm_medium=referral&utm_campaign=blog-nav,
https://www.mozilla.org/firefox/?utm_source=blog.mozilla.org&utm_medium=referral&utm_campaign=blog-nav,
https://blog.mozilla.org/press/2018/10/latest-firefox-rolls-out-enhanced-tracking-protection/,
https://blog.mozilla.org/press/2018/09/introducing-firefox-monitor-helping-people-take-control-after-a-data-breach/,
https://blog.mozilla.org/press/2018/09/stand-up-for-net-neutrality-help-paperstorm-the-fcc/,
https://blog.mozilla.org/press/2018/09/latest-firefox-releases-available-today/,
https://blog.mozilla.org/press/2018/08/lets-be-transparent/,
https://blog.mozilla.org/press/2018/08/firefox-offers-recommendations-with-latest-test-pilot-experiment-advance/,
https://blog.mozilla.org/press/2018/07/new-features-in-firefox-focus-for-ios-android-now-also-on-the-blackberry-key2/,
https://blog.mozilla.org/press/2018/07/introducing-firefoxs-first-mobile-test-pilot-experiments-lockbox-and-notes/,
https://blog.mozilla.org/press/2018/06/new-firefox-releases-now-available-2/,
http://blog.mozilla.org/press/ataglance,
https://www.mozilla.org/en-US/about/leadership/,
https://www.mozilla.org/en-US/press/speakerrequest/,
https://blog.mozilla.org/press/kits/,
https://blog.mozilla.org/press/mozilla-blog-directory/,
https://twitter.com/mozillapr_us/,
https://support.mozilla.org/de/home/,
https://blog.mozilla.org/press-uk/,
https://blog.mozilla.org/press-es/,
https://blog.mozilla.org/press-fr/,
https://blog.mozilla.org/press-it/,
https://blog.mozilla.org/press-de/,
https://blog.mozilla.org/press-pl/,
https://blog.mozilla.org/press-br/,
https://blog.mozilla.org/community/,
https://blog.mozilla.org/addons/,
https://blog.mozilla.org/advancingcontent/,
http://blog.mozilla.com/futurereleases/,
http://identity.mozilla.com/,
http://hacks.mozilla.org/,
http://blog.mozilla.com/privacy,
http://blog.mozilla.com/security/,
https://blog.mozilla.org/netpolicy/,
https://blog.webmaker.org/,
https://www.mozilla.org/privacy/,
https://www.mozilla.org/?utm_source=blog.mozilla.org&utm_campaign=footer&utm_medium=referral,
https://www.mozilla.org/about/?utm_source=blog.mozilla.org&utm_campaign=footer&utm_medium=referral,
https://www.mozilla.org/contact/?utm_source=blog.mozilla.org&utm_campaign=footer&utm_medium=referral,
https://donate.mozilla.org/?presets=50,30,20,10&amount=30&currency=usd&utm_source=blog.mozilla.org&utm_campaign=footer&utm_medium=referral,
https://www.mozilla.org/firefox/?utm_source=blog.mozilla.org&utm_campaign=footer&utm_medium=referral,
https://www.mozilla.org/firefox/new/?utm_source=blog.mozilla.org&utm_campaign=footer&utm_medium=referral,
https://www.mozilla.org/firefox/mobile/?utm_source=blog.mozilla.org&utm_campaign=footer&utm_medium=referral,
https://www.mozilla.org/firefox/features/?utm_source=blog.mozilla.org&utm_campaign=footer&utm_medium=referral,
https://www.mozilla.org/firefox/channel/desktop/?utm_source=blog.mozilla.org&utm_campaign=footer&utm_medium=referral,
https://www.mozilla.org/foundation/licensing/website-content/,
https://support.google.com/adspolicy/answer/6008942,
https://support.google.com/merchants/answer/6149970,
https://www.google.com/about/company/user-consent-policy.html,
https://support.google.com/adwordspolicy/answer/7187501,
https://support.google.com/adspolicy/answer/6020956,
https://support.google.com/google-ads/answer/2549063,
https://support.google.com/adspolicy/answer/6242605,
https://support.google.com/adspolicy/answer/143465#papolicy,
https://support.google.com/google-ads/answer/2472738,
https://support.google.com/adwordspolicy/answer/6210602,
https://support.google.com/accounts/answer/1350409,
https://support.google.com/adspolicy/answer/9002729,
https://support.google.com/adwordspolicy/answer/6023699#007,
https://support.google.com/adwordspolicy/answer/6023699#006,
https://support.google.com/google-ads/contact/approvals,
https://support.google.com/google-ads/,
https://download.mozilla.org/?product=firefox-beta-stub&os=win64&lang=en-US,
https://download.mozilla.org/?product=firefox-beta-stub&os=win&lang=en-US,
https://download.mozilla.org/?product=firefox-beta-latest-ssl&os=osx&lang=en-US,
https://download.mozilla.org/?product=firefox-beta-latest-ssl&os=linux64&lang=en-US,
https://download.mozilla.org/?product=firefox-beta-latest-ssl&os=linux&lang=en-US,
https://download.mozilla.org/?product=firefox-devedition-stub&os=win64&lang=en-US,
https://download.mozilla.org/?product=firefox-devedition-stub&os=win&lang=en-US,
https://download.mozilla.org/?product=firefox-devedition-latest-ssl&os=osx&lang=en-US,
https://download.mozilla.org/?product=firefox-devedition-latest-ssl&os=linux64&lang=en-US,
https://download.mozilla.org/?product=firefox-devedition-latest-ssl&os=linux&lang=en-US,
https://download.mozilla.org/?product=firefox-nightly-stub&os=win&lang=en-US,
https://download.mozilla.org/?product=firefox-nightly-latest-ssl&os=osx&lang=en-US,
https://download.mozilla.org/?product=firefox-nightly-latest-ssl&os=linux64&lang=en-US,
https://download.mozilla.org/?product=firefox-nightly-latest-ssl&os=linux&lang=en-US,
https://github.com/mozilla/bedrock/tree/master/bedrock/firefox/templates/firefox/channel/desktop.html,
https://support.google.com/accounts,
https://productforums.google.com/forum/#!home,
https://www.mozilla.org/firefox/system-requirements/,
https://support.apple.com/HT201260,
https://support.apple.com/HT201475,
https://support.apple.com/HT206886,
http://mzl.la/1UfNUvK,
https://myaccount.google.com/intro/privacy#ads,
https://accounts.google.com/SignUp?continue=https://myaccount.google.com/privacycheckup/1?utm_source%3Dpp&hl=de,
https://www.google.com/history/optoutredirect?hl=de,
https://www.youtube.com/feed/history?hl=de,
https://www.youtube.com/feed/history/search_history?hl=de,
https://www.google.com/settings/ads,
https://policies.google.com/?hl=de,
https://support.google.com/accounts?hl=de,
